agent_id,agent_Fname,agent_Lname,agent_salary,agent_home_address,primary_office
1,Luz,Compton,121633.42,2 Thackeray Point,9
2,Hilly,De Bell,191452.93,8 Tony Road,1
3,Tommie,Sawood,213302.54,992 Blaine Point,8
4,Georgeta,Thirwell,211661.36,834 Valley Edge Lane,4
5,Carilyn,Sprake,72260.33,14746 Dexter Plaza,5
6,Jacquelin,Whyard,129123.68,94555 Reinke Terrace,1
7,Nancey,Wonfor,76147.88,62814 Manitowish Crossing,2
8,Quinn,Juhruke,64274.86,081 Sachtjen Avenue,7
9,Crystie,Cochran,204784.96,63 4th Parkway,4
10,Sinclair,Oaks,169419.3,558 Atwood Pass,3
11,Guendolen,Close,228232.06,17 Arizona Center,9
12,Tamiko,Codman,200793.32,4506 Superior Drive,1
13,Morley,Oby,82021.34,94033 5th Alley,10
14,Marketa,Morrill,191831.86,8835 Jana Junction,8
15,Sadie,Dunseath,55159.83,652 Cody Lane,6
16,Lynnett,Whinray,66497.14,0 Dunning Terrace,2
17,Allin,Topping,69081.47,0759 Farmco Avenue,9
18,Lily,Goakes,111961.34,28 Carberry Road,1
19,Zebulen,Boarleyson,181148.55,811 Almo Drive,3
20,Loreen,Antonat,127969.57,1 Gale Park,6
21,Umberto,Pasquale,92757.51,14 Golden Leaf Way,7
22,Abigale,Mastrantone,147510.24,40 Green Crossing,9
23,Isadora,Cloutt,242825.47,042 Golf View Trail,7
24,Kania,Dowman,104662.7,0 Bobwhite Place,10
25,Henry,Grosvenor,60187.42,7 Elka Trail,4
26,Levin,Corpes,53274.02,47081 Lakewood Court,6
27,Clayborn,Quogan,71782.76,986 Ridgeview Way,9
28,Danya,McCullock,96277.72,4 Merrick Terrace,2
29,Guglielmo,Tomaino,149247.28,89747 Forest Hill,3
30,Barde,Almon,233125.67,9733 Rowland Parkway,7
31,Carlen,Tidey,172196.26,64282 Hansons Trail,5
32,Moreen,Lace,55966.15,448 Grayhawk Alley,4
33,Rosy,Dummett,225906.45,5817 Clove Drive,5
34,Doe,Grestye,226248.65,02847 Oxford Plaza,6
35,Sukey,Caley,76907.08,53 Park Meadow Place,7
36,Melamie,Elcocks,97549.97,63220 Bluejay Way,1
37,Aveline,Biggam,107766.67,9202 Lotheville Point,5
38,Kathryn,Monnery,138926.15,8 Heffernan Park,4
39,Mufinella,Perrot,106162.16,5 Oakridge Lane,6
40,Turner,Barwell,113448.7,74 Crest Line Alley,4
41,Roderich,Eggle,168608.48,9257 Roth Lane,10
42,Stacy,Keming,132790.27,690 3rd Center,1
43,Myrilla,Goulbourne,188667.28,105 Manitowish Point,1
44,Dayle,Thowes,209381,5 Cody Park,6
45,Guthrey,Mordon,68834.17,7 Redwing Road,7
46,Arabela,Carp,98289.83,4222 Straubel Lane,2
47,Laurene,Cawthry,64830.76,6674 Norway Maple Avenue,9
48,Rosemarie,Etter,196289.83,8057 Vahlen Place,1
49,Joice,Lurner,169125.57,6504 Hanson Road,9
50,Sher,Tampin,157662.22,1 Center Lane,3
51,Flore,Janowski,246608.47,49058 Hanover Avenue,2
52,Celeste,Shimmings,114130.48,64275 Esker Road,5
53,Shelley,Labusch,198044.3,6 Crest Line Way,3
54,Lockwood,Lilley,177292.03,84 Ruskin Alley,1
55,Oliy,Giacobo,61071.98,493 Troy Drive,6
56,Antony,Battyll,78958.16,9 Kinsman Place,9
57,Olympie,Alenin,53626.18,30617 Kings Park,7
58,Sawyer,Pollak,237605.83,79023 Summer Ridge Way,6
59,Karoly,Pinck,201272.31,891 Ridge Oak Court,6
60,Bourke,Locke,52813.81,66 Haas Way,10
61,Stanleigh,Tuberfield,159465.96,2520 Washington Parkway,2
62,Dyana,Fonzone,176035.61,32 Trailsway Street,7
63,Stefano,Saintpierre,199853.56,7217 Elgar Crossing,5
64,Jodi,Lohmeyer,207152.49,1915 Pleasure Park,10
65,Niki,Yakovlev,200421.86,82 Delaware Point,6
66,Taryn,Stute,145807.55,5747 Hoepker Park,4
67,Othelia,Benjafield,84573.41,19711 Mitchell Point,8
68,Jeanie,Dallinder,67193.88,1375 Carpenter Park,6
69,Angeline,Mustill,187877.82,0128 Fairview Drive,1
70,Ardisj,Lovat,150272.45,350 Kim Park,7
71,Wilbert,Fleetwood,195305.7,0133 Starling Street,4
72,Marven,Cloney,219581.85,0496 Lakeland Center,4
73,Royal,Victory,175529.93,58038 Goodland Road,6
74,Travis,Ferreras,192218.72,51 Eliot Point,9
75,Mozelle,Banton,249589.72,41282 Spaight Alley,4
76,Lezlie,Stanmore,226852.1,80409 Dwight Way,3
77,Scarlett,Fallawe,177191.7,2 High Crossing Lane,1
78,Brewer,Tillot,110077.45,2410 Killdeer Lane,7
79,Artur,Palfrey,239952.46,466 Goodland Alley,6
80,Cobb,Olohan,239348.78,054 Anzinger Plaza,2
81,Morry,Strewther,158272.9,36944 Crowley Park,10
82,Rochester,Mulberry,61738.31,00409 Debra Circle,9
83,Allene,Freezer,215947.65,25 Veith Drive,2
84,Shanan,Benettelli,229385.38,8864 Hudson Court,10
85,Sheffie,Crawshaw,71568.63,88097 Pearson Street,7
86,Jamil,Maryska,173183.97,86354 Hoffman Drive,8
87,Mathias,Fleischer,235689.78,39537 Chive Trail,8
88,Becca,Bartolomeu,209482.54,7598 Hudson Avenue,6
89,Margarethe,Naris,165321.56,33 Ludington Pass,6
90,Gracie,Bonhome,190771.67,00292 Lindbergh Center,1
91,Richardo,Bachnic,77805.47,6717 Cordelia Court,7
92,Wang,Faltskog,147205.66,116 Swallow Circle,6
93,Cherilynn,Hands,154441.07,64526 Golf View Place,7
94,Nolie,Dibbin,82750.94,51 Eagle Crest Terrace,8
95,Winston,Crowcombe,156716,0 Walton Junction,5
96,Rodd,Perell,183786.5,948 Lyons Avenue,9
97,Perri,Skaife,130882,32 West Way,10
98,Melesa,Todeo,123204.97,940 Linden Drive,6
99,Wilmar,Tohill,181818.5,307 Gulseth Hill,3
100,Kathryne,Carrier,134245.8,73 Bunker Hill Point,2
