office_id,office_name,location,manager_id
1,"Jaskolski, Lakin and Nienow",863 Green Street,40
2,Bradtke-Corwin,48690 Stone Corner Park,20
3,Cole LLC,07723 Fairview Center,47
4,Glover LLC,811 Pleasure Court,49
5,Mante-Barrows,382 Waxwing Point,17
6,Davis-Stroman,02 Jenifer Place,1
7,Cremin Group,0 School Avenue,84
8,Davis-Cummings,25645 Coleman Center,35
9,Jacobs LLC,806 Fairfield Center,50
10,"O'Conner, Nikolaus and Osinski",10 Oak Valley Drive,77
11,Friesen-Romaguera,5 Springs Circle,34
12,Walsh-Cassin,39 Erie Plaza,31
13,"Beier, Zemlak and Ziemann",8535 Arizona Road,52
14,Ryan and Sons,72657 Scott Avenue,1
15,Bruen and Sons,55 Upham Crossing,49
16,"D'Amore, Jakubowski and Becker",5820 Morrow Park,17
17,Lemke Inc,26895 Stang Plaza,78
18,Grady Inc,82637 Chive Crossing,53
19,"Herman, Witting and O'Reilly",60 Morningstar Junction,73
20,Boyle and Sons,81329 Russell Pass,60
21,"Kautzer, Ankunding and White",2 Oak Valley Trail,63
22,"Hermann, Kutch and Ebert",179 Union Terrace,78
23,Kovacek-Fadel,2969 Coolidge Plaza,8
24,"Oberbrunner, Blick and Russel",5 Moland Crossing,93
25,"Heaney, Wisozk and Rogahn",30 Vermont Court,56
26,Schultz LLC,5083 Bartillon Road,20
27,Denesik-Zemlak,6192 Nelson Pass,17
28,Toy-Mante,538 Fairfield Street,28
29,"Schowalter, Erdman and Effertz",53807 Gulseth Alley,65
30,Nikolaus-Nolan,4 Eagle Crest Lane,96
31,Kiehn-Kreiger,324 Huxley Road,54
32,"Luettgen, Steuber and Brakus",5591 Sycamore Alley,58
33,"Hermann, Bailey and Fritsch",839 Annamark Point,48
34,"Weimann, Cole and Collier",84447 Kedzie Drive,76
35,"Bartell, Robel and Johnson",4 Alpine Circle,44
36,Morar-Prosacco,6 Sauthoff Circle,27
37,Nolan-Runolfsdottir,708 Hagan Crossing,76
38,"Harvey, Kertzmann and Hackett",07438 Scott Street,73
39,O'Kon-Zboncak,38 Leroy Way,25
40,"Gislason, Hegmann and Upton",35 Washington Circle,54
41,MacGyver-Hilll,7964 Morrow Alley,61
42,Kilback-Ledner,42069 Transport Alley,98
43,Berge LLC,41 Algoma Plaza,14
44,"Dicki, Beer and McKenzie",62461 Debra Plaza,31
45,Turcotte-Walsh,333 Delladonna Point,32
46,Jacobson LLC,498 Lukken Center,67
47,"Mitchell, Schultz and Schmidt",5 Hermina Trail,27
48,Metz-Howe,7990 Heffernan Lane,56
49,Walker-Lesch,73 Jenna Avenue,75
50,Kris and Sons,2083 Bunting Parkway,6
51,Breitenberg and Sons,18148 Elmside Circle,95
52,Stroman Group,08104 Mallard Street,58
53,"Conroy, Nicolas and Fay",617 Goodland Road,45
54,Leannon-McClure,5748 Badeau Point,59
55,Emmerich Inc,4 Merrick Avenue,33
56,"Rolfson, Ankunding and Stehr",06515 Caliangt Street,42
57,Macejkovic-Muller,6 Arkansas Park,66
58,Nolan and Sons,9 Mendota Junction,49
59,"Kuhn, Wintheiser and Glover",38 Becker Park,53
60,"Feil, Mueller and Fadel",88823 Pearson Pass,11
61,"Schaefer, Hoeger and Denesik",7300 School Alley,36
62,Barrows-Gorczany,53 Amoth Avenue,28
63,Schaefer-Robel,9 Monica Circle,72
64,Price-Hills,6953 Spenser Center,66
65,Schultz-Renner,246 Stuart Way,62
66,Willms LLC,79 Forest Run Circle,5
67,Schulist Inc,1531 Roxbury Point,80
68,"Sipes, Keebler and Kirlin",4739 Johnson Way,15
69,"Stracke, Rosenbaum and Gutmann",2 Annamark Parkway,80
70,Lueilwitz-VonRueden,70790 Declaration Junction,27
71,Schowalter-Fahey,4734 Artisan Pass,80
72,"Labadie, Spencer and Aufderhar",8 Delaware Plaza,10
73,Hayes-Lind,5010 Fairview Point,32
74,Ward Inc,1833 Mcguire Point,51
75,Stracke-Littel,1 Clemons Avenue,62
76,Hayes LLC,057 Scott Hill,39
77,Ziemann-Predovic,32111 Arizona Street,20
78,MacGyver-Jaskolski,0 Portage Place,78
79,Orn LLC,1871 Novick Crossing,12
80,"Mosciski, O'Hara and Beier",41 Paget Point,16
81,"Von, Ullrich and Hintz",1340 Di Loreto Park,61
82,Bailey-Wolff,15962 Bashford Road,8
83,Romaguera-Beatty,099 Monica Way,63
84,"Cummerata, Hodkiewicz and Pollich",400 Doe Crossing Pass,40
85,Mueller Inc,82724 Pond Place,1
86,"Hudson, Spencer and Jenkins",6289 Forest Run Place,38
87,Wiegand LLC,83 Anderson Place,62
88,Howell Group,80369 Arapahoe Alley,36
89,Kulas-Wisoky,4 Pankratz Park,49
90,Morar-Quigley,1061 Florence Trail,47
91,Rodriguez Group,134 New Castle Parkway,57
92,Stokes-Marks,05 Gulseth Hill,50
93,Doyle LLC,1527 Kinsman Junction,5
94,"Waters, Greenfelder and Jakubowski",9 Packers Place,71
95,Rodriguez-Schmeler,74 Dayton Way,1
96,Kuhlman-Kutch,405 Gale Way,67
97,"Toy, Koss and Gusikowski",17478 Moulton Circle,37
98,Baumbach-Baumbach,4 Moulton Terrace,65
99,"Breitenberg, Deckow and Legros",855 Oak Valley Road,26
100,Dooley-Jast,9738 Moose Place,52
